{
    "1": {
        "elapsed_time": 0.009030736982822418
    },
    "3": {
        "elapsed_time": 0.02983337704790756
    },
    "6": {
        "elapsed_time": 0.08555455203168094
    },
    "11": {
        "elapsed_time": 0.15905410097911954
    },
    "13": {
        "elapsed_time": 1.142154183005914
    },
    "15": {
        "elapsed_time": 1.1395986180286855
    },
    "17": {
        "elapsed_time": 1.1438716980046593
    }
}
